<?xml version="1.0" encoding="UTF-8" ?>
<dataset generated-by="WSCAT" generated-on="2015-02-18 19:47:18.152">
  <description>
    <file-type-tool>
file-5.22
magic file from /usr/share/file/misc/magic

    </file-type-tool>
    <find-tool>
find (GNU findutils) 4.4.2
    </find-tool>
    <marf-tool>

    </marf-tool>
  </description>
  <file id="0" path="WSDL/af6612ce5f204f169033e325013e4ee5">
    <meta>
      <type>XML document text</type>
      <length lines="143740" words="421651" bytes="5730465" />
    </meta>
    <location line="" fraglines="">
      <meta>
        <cve>"search"</cve>
        <name cweid=""></name>
      </meta>
      <fragment>
      </fragment>
      <explanation>
      </explanation>
    </location>
  </file>
  <file id="1" path="WSDL/62b173dae1dd0a9cd16efd90b2ecd51d">
    <meta>
      <type>XML document text</type>
      <length lines="83" words="884" bytes="17674" />
    </meta>
    <location line="" fraglines="">
      <meta>
        <cve>"music"</cve>
        <name cweid=""></name>
      </meta>
      <fragment>
      </fragment>
      <explanation>
      </explanation>
    </location>
  </file>
  <file id="2" path="WSDL/3a1fb2953fdd0c7f1831b6e69a02c495">
    <meta>
      <type>XML document text</type>
      <length lines="84" words="114" bytes="2478" />
    </meta>
    <location line="" fraglines="">
      <meta>
        <cve>"other"</cve>
        <name cweid=""></name>
      </meta>
      <fragment>
      </fragment>
      <explanation>
      </explanation>
    </location>
  </file>
  <file id="3" path="WSDL/1e50984c17e69f38b7fa04c2b6e60b67">
    <meta>
      <type>XML document text</type>
      <length lines="585" words="1862" bytes="28583" />
    </meta>
    <location line="" fraglines="">
      <meta>
        <cve>"weather"</cve>
        <name cweid=""></name>
      </meta>
      <fragment>
      </fragment>
      <explanation>
      </explanation>
    </location>
  </file>
  <file id="4" path="WSDL/2974ba02852602d06e9656f7c542c9ec">
    <meta>
      <type>HTML document, ASCII text</type>
      <length lines="19" words="43" bytes="380" />
    </meta>
    <location line="" fraglines="">
      <meta>
        <cve>"email"</cve>
        <name cweid=""></name>
      </meta>
      <fragment>
      </fragment>
      <explanation>
      </explanation>
    </location>
  </file>
  <file id="5" path="WSDL/34857defe19f4dcddc0c0d81dfac796b">
    <meta>
      <type>HTML document, ASCII text</type>
      <length lines="9" words="27" bytes="327" />
    </meta>
    <location line="" fraglines="">
      <meta>
        <cve>"enterprise"</cve>
        <name cweid=""></name>
      </meta>
      <fragment>
      </fragment>
      <explanation>
      </explanation>
    </location>
  </file>
  <file id="6" path="WSDL/24dda6ca9657892f16e20872d722bc25">
    <meta>
      <type>XML document text</type>
      <length lines="47" words="82" bytes="1858" />
    </meta>
    <location line="" fraglines="">
      <meta>
        <cve>"seo"</cve>
        <name cweid=""></name>
      </meta>
      <fragment>
      </fragment>
      <explanation>
      </explanation>
    </location>
  </file>
  <file id="7" path="WSDL/c5d34c6a569b2cbe9699cc3c8ba21751">
    <meta>
      <type>XML document text</type>
      <length lines="1793" words="5355" bytes="88934" />
    </meta>
    <location line="" fraglines="">
      <meta>
        <cve>"messaging"</cve>
        <name cweid=""></name>
      </meta>
      <fragment>
      </fragment>
      <explanation>
      </explanation>
    </location>
  </file>
  <file id="8" path="WSDL/87c0bd9e043b5ee8449a1d5db150acaf">
    <meta>
      <type>XML document text</type>
      <length lines="2502" words="7132" bytes="130052" />
    </meta>
    <location line="" fraglines="">
      <meta>
        <cve>"government"</cve>
        <name cweid=""></name>
      </meta>
      <fragment>
      </fragment>
      <explanation>
      </explanation>
    </location>
  </file>
  <file id="9" path="WSDL/773ee9d839f7673cb021196712b817ef">
    <meta>
      <type>exported SGML document, UTF-8 Unicode (with BOM) text, with CRLF line terminators</type>
      <length lines="309" words="563" bytes="13138" />
    </meta>
    <location line="" fraglines="">
      <meta>
        <cve>"reference"</cve>
        <name cweid=""></name>
      </meta>
      <fragment>
      </fragment>
      <explanation>
      </explanation>
    </location>
  </file>
  <file id="10" path="WSDL/ba61d714cce28879f742cf77ab5eecb6">
    <meta>
      <type>XML document text</type>
      <length lines="2905" words="8344" bytes="141293" />
    </meta>
    <location line="" fraglines="">
      <meta>
        <cve>"fax"</cve>
        <name cweid=""></name>
      </meta>
      <fragment>
      </fragment>
      <explanation>
      </explanation>
    </location>
  </file>
  <file id="11" path="WSDL/929ed69d881be07aa8456a25ad102e46">
    <meta>
      <type>XML document text</type>
      <length lines="356" words="888" bytes="17498" />
    </meta>
    <location line="" fraglines="">
      <meta>
        <cve>"messaging"</cve>
        <name cweid=""></name>
      </meta>
      <fragment>
      </fragment>
      <explanation>
      </explanation>
    </location>
  </file>
  <file id="12" path="WSDL/2de6a5c70b7c705c29a5b68e56859bc4">
    <meta>
      <type>HTML document, ASCII text, with CRLF line terminators</type>
      <length lines="12" words="20" bytes="238" />
    </meta>
    <location line="" fraglines="">
      <meta>
        <cve>"mapping"</cve>
        <name cweid=""></name>
      </meta>
      <fragment>
      </fragment>
      <explanation>
      </explanation>
    </location>
  </file>
  <file id="13" path="WSDL/0bd19edc35e1e6bf9487dce719664d13">
    <meta>
      <type>XML document text</type>
      <length lines="127" words="315" bytes="6351" />
    </meta>
    <location line="" fraglines="">
      <meta>
        <cve>"reference"</cve>
        <name cweid=""></name>
      </meta>
      <fragment>
      </fragment>
      <explanation>
      </explanation>
    </location>
  </file>
  <file id="14" path="WSDL/7a2588adbaa95a040eb16ef20d6c524c">
    <meta>
      <type>XML document text</type>
      <length lines="2472" words="7632" bytes="151891" />
    </meta>
    <location line="" fraglines="">
      <meta>
        <cve>"reference"</cve>
        <name cweid=""></name>
      </meta>
      <fragment>
      </fragment>
      <explanation>
      </explanation>
    </location>
  </file>
  <file id="15" path="WSDL/7672c0b2c12a6db9febade8135f57cc9">
    <meta>
      <type>XML document text</type>
      <length lines="807" words="1860" bytes="36763" />
    </meta>
    <location line="" fraglines="">
      <meta>
        <cve>"mapping"</cve>
        <name cweid=""></name>
      </meta>
      <fragment>
      </fragment>
      <explanation>
      </explanation>
    </location>
  </file>
  <file id="16" path="WSDL/28ab30aa798f567b67f1f667534a3957">
    <meta>
      <type>XML document text</type>
      <length lines="226" words="710" bytes="13203" />
    </meta>
    <location line="" fraglines="">
      <meta>
        <cve>"reference"</cve>
        <name cweid=""></name>
      </meta>
      <fragment>
      </fragment>
      <explanation>
      </explanation>
    </location>
  </file>
  <file id="17" path="WSDL/e5ec062b5ebf32ae3e0642cb0d49ad90">
    <meta>
      <type>HTML document, ASCII text, with very long lines, with CRLF, LF line terminators</type>
      <length lines="815" words="3415" bytes="59723" />
    </meta>
    <location line="" fraglines="">
      <meta>
        <cve>"ecommerce"</cve>
        <name cweid=""></name>
      </meta>
      <fragment>
      </fragment>
      <explanation>
      </explanation>
    </location>
  </file>
  <file id="18" path="WSDL/e5ec062b5ebf32ae3e0642cb0d49ad90">
    <meta>
      <type>HTML document, ASCII text, with very long lines, with CRLF, LF line terminators</type>
      <length lines="815" words="3415" bytes="59723" />
    </meta>
    <location line="" fraglines="">
      <meta>
        <cve>"messaging"</cve>
        <name cweid=""></name>
      </meta>
      <fragment>
      </fragment>
      <explanation>
      </explanation>
    </location>
  </file>
  <file id="19" path="WSDL/e5ec062b5ebf32ae3e0642cb0d49ad90">
    <meta>
      <type>HTML document, ASCII text, with very long lines, with CRLF, LF line terminators</type>
      <length lines="815" words="3415" bytes="59723" />
    </meta>
    <location line="" fraglines="">
      <meta>
        <cve>"cloud"</cve>
        <name cweid=""></name>
      </meta>
      <fragment>
      </fragment>
      <explanation>
      </explanation>
    </location>
  </file>
  <file id="20" path="WSDL/a0115f7268f5aa6aefdebbe1734bd982">
    <meta>
      <type>XML 1.0 document text</type>
      <length lines="56" words="1449" bytes="44584" />
    </meta>
    <location line="" fraglines="">
      <meta>
        <cve>"backend"</cve>
        <name cweid=""></name>
      </meta>
      <fragment>
      </fragment>
      <explanation>
      </explanation>
    </location>
  </file>
  <file id="21" path="WSDL/40592703c6806540928c14a0424c2242">
    <meta>
      <type>XML 1.0 document text</type>
      <length lines="1777" words="3950" bytes="81842" />
    </meta>
    <location line="" fraglines="">
      <meta>
        <cve>"science"</cve>
        <name cweid=""></name>
      </meta>
      <fragment>
      </fragment>
      <explanation>
      </explanation>
    </location>
  </file>
  <file id="22" path="WSDL/f1ce4a1415510e58a1c4cbb7eee76b84">
    <meta>
      <type>XML document text</type>
      <length lines="212" words="851" bytes="10853" />
    </meta>
    <location line="" fraglines="">
      <meta>
        <cve>"tools"</cve>
        <name cweid=""></name>
      </meta>
      <fragment>
      </fragment>
      <explanation>
      </explanation>
    </location>
  </file>
  <file id="23" path="WSDL/f4ee2e088621926b6f57210f9e64d085">
    <meta>
      <type>XML document text</type>
      <length lines="2084" words="3743" bytes="62332" />
    </meta>
    <location line="" fraglines="">
      <meta>
        <cve>"financial"</cve>
        <name cweid=""></name>
      </meta>
      <fragment>
      </fragment>
      <explanation>
      </explanation>
    </location>
  </file>
  <file id="24" path="WSDL/e5ec062b5ebf32ae3e0642cb0d49ad90">
    <meta>
      <type>HTML document, ASCII text, with very long lines, with CRLF, LF line terminators</type>
      <length lines="815" words="3415" bytes="59723" />
    </meta>
    <location line="" fraglines="">
      <meta>
        <cve>"education"</cve>
        <name cweid=""></name>
      </meta>
      <fragment>
      </fragment>
      <explanation>
      </explanation>
    </location>
  </file>
  <file id="25" path="WSDL/c52a52e2092cbaf97559a4507f4f33a4">
    <meta>
      <type>XML document text</type>
      <length lines="1929" words="2567" bytes="54309" />
    </meta>
    <location line="" fraglines="">
      <meta>
        <cve>"payments"</cve>
        <name cweid=""></name>
      </meta>
      <fragment>
      </fragment>
      <explanation>
      </explanation>
    </location>
  </file>
  <file id="26" path="WSDL/e8aabfed70bb98b7f9c61730ea01dbb9">
    <meta>
      <type>XML 1.0 document text</type>
      <length lines="84" words="196" bytes="3729" />
    </meta>
    <location line="" fraglines="">
      <meta>
        <cve>"media"</cve>
        <name cweid=""></name>
      </meta>
      <fragment>
      </fragment>
      <explanation>
      </explanation>
    </location>
  </file>
  <file id="27" path="WSDL/9dd1b89c64608150fc450d4a03bea791">
    <meta>
      <type>XML 1.0 document, UTF-8 Unicode (with BOM) text, with very long lines, with CRLF line terminators</type>
      <length lines="1022" words="3234" bytes="47373" />
    </meta>
    <location line="" fraglines="">
      <meta>
        <cve>"transportation"</cve>
        <name cweid=""></name>
      </meta>
      <fragment>
      </fragment>
      <explanation>
      </explanation>
    </location>
  </file>
  <file id="28" path="WSDL/42f7edc050dc067506db99c58410663e">
    <meta>
      <type>HTML document, ASCII text, with CRLF line terminators</type>
      <length lines="53" words="107" bytes="1588" />
    </meta>
    <location line="" fraglines="">
      <meta>
        <cve>"science"</cve>
        <name cweid=""></name>
      </meta>
      <fragment>
      </fragment>
      <explanation>
      </explanation>
    </location>
  </file>
  <file id="29" path="WSDL/171661850b221050809b9f78f919e6ce">
    <meta>
      <type>XML document text</type>
      <length lines="287" words="729" bytes="11706" />
    </meta>
    <location line="" fraglines="">
      <meta>
        <cve>"science"</cve>
        <name cweid=""></name>
      </meta>
      <fragment>
      </fragment>
      <explanation>
      </explanation>
    </location>
  </file>
  <file id="30" path="WSDL/349c0fed0c5547a71fcdfa77e5fe555b">
    <meta>
      <type>XML 1.0 document text</type>
      <length lines="38" words="82" bytes="1648" />
    </meta>
    <location line="" fraglines="">
      <meta>
        <cve>"calendars"</cve>
        <name cweid=""></name>
      </meta>
      <fragment>
      </fragment>
      <explanation>
      </explanation>
    </location>
  </file>
  <file id="31" path="WSDL/ecaa4ef268aa642106a05ca323e237af">
    <meta>
      <type>XML document text</type>
      <length lines="0" words="294" bytes="16733" />
    </meta>
    <location line="" fraglines="">
      <meta>
        <cve>"education"</cve>
        <name cweid=""></name>
      </meta>
      <fragment>
      </fragment>
      <explanation>
      </explanation>
    </location>
  </file>
  <file id="32" path="WSDL/ad5f4d15b9fb87c7bddb9ed4168bf747">
    <meta>
      <type>XML document text</type>
      <length lines="104" words="2527" bytes="64582" />
    </meta>
    <location line="" fraglines="">
      <meta>
        <cve>"ecommerce"</cve>
        <name cweid=""></name>
      </meta>
      <fragment>
      </fragment>
      <explanation>
      </explanation>
    </location>
  </file>
  <file id="33" path="WSDL/8a5bd4032a38bec7e088853935283b2e">
    <meta>
      <type>XML document text</type>
      <length lines="218" words="552" bytes="10076" />
    </meta>
    <location line="" fraglines="">
      <meta>
        <cve>"music"</cve>
        <name cweid=""></name>
      </meta>
      <fragment>
      </fragment>
      <explanation>
      </explanation>
    </location>
  </file>
  <file id="34" path="WSDL/afcb518daaa1112fe9f6f9cbd1e0442a">
    <meta>
      <type>exported SGML document, ASCII text, with very long lines, with CRLF line terminators</type>
      <length lines="1436" words="2858" bytes="63522" />
    </meta>
    <location line="" fraglines="">
      <meta>
        <cve>"food"</cve>
        <name cweid=""></name>
      </meta>
      <fragment>
      </fragment>
      <explanation>
      </explanation>
    </location>
  </file>
  <file id="35" path="WSDL/a8b152317a19e5ec54849233cad4b3b6">
    <meta>
      <type>XML document text</type>
      <length lines="397" words="780" bytes="15855" />
    </meta>
    <location line="" fraglines="">
      <meta>
        <cve>"telephony"</cve>
        <name cweid=""></name>
      </meta>
      <fragment>
      </fragment>
      <explanation>
      </explanation>
    </location>
  </file>
  <file id="36" path="WSDL/7f9afb23f4c5feeb6f1e5fc311707869">
    <meta>
      <type>XML document text</type>
      <length lines="56" words="167" bytes="3537" />
    </meta>
    <location line="" fraglines="">
      <meta>
        <cve>"financial"</cve>
        <name cweid=""></name>
      </meta>
      <fragment>
      </fragment>
      <explanation>
      </explanation>
    </location>
  </file>
  <file id="37" path="WSDL/c00a91e6222cd195239a779e3d82dc46">
    <meta>
      <type>XML document text</type>
      <length lines="53" words="495" bytes="13128" />
    </meta>
    <location line="" fraglines="">
      <meta>
        <cve>"reference"</cve>
        <name cweid=""></name>
      </meta>
      <fragment>
      </fragment>
      <explanation>
      </explanation>
    </location>
  </file>
  <file id="38" path="WSDL/8f4811ff3c986f5131b3981ccbe0e46e">
    <meta>
      <type>XML 1.0 document text</type>
      <length lines="38" words="82" bytes="1638" />
    </meta>
    <location line="" fraglines="">
      <meta>
        <cve>"reference"</cve>
        <name cweid=""></name>
      </meta>
      <fragment>
      </fragment>
      <explanation>
      </explanation>
    </location>
  </file>
  <file id="39" path="WSDL/9d736348366191ac580d7aacc5b2b1f5">
    <meta>
      <type>HTML document, ASCII text, with CRLF line terminators</type>
      <length lines="55" words="252" bytes="2729" />
    </meta>
    <location line="" fraglines="">
      <meta>
        <cve>"games"</cve>
        <name cweid=""></name>
      </meta>
      <fragment>
      </fragment>
      <explanation>
      </explanation>
    </location>
  </file>
  <file id="40" path="WSDL/b0a1d8e0cdbea2ce58700b9b07159588">
    <meta>
      <type>ASCII text, with no line terminators</type>
      <length lines="0" words="7" bytes="32" />
    </meta>
    <location line="" fraglines="">
      <meta>
        <cve>"science"</cve>
        <name cweid=""></name>
      </meta>
      <fragment>
      </fragment>
      <explanation>
      </explanation>
    </location>
  </file>
  <file id="41" path="WSDL/12a7d7c5192b221596523dd04c4aae4d">
    <meta>
      <type>XML document text</type>
      <length lines="159" words="293" bytes="6192" />
    </meta>
    <location line="" fraglines="">
      <meta>
        <cve>"science"</cve>
        <name cweid=""></name>
      </meta>
      <fragment>
      </fragment>
      <explanation>
      </explanation>
    </location>
  </file>
  <file id="42" path="WSDL/9e16cf36f96b8188b55d6cd6ee7d46c6">
    <meta>
      <type>HTML document, ASCII text</type>
      <length lines="135" words="194" bytes="4686" />
    </meta>
    <location line="" fraglines="">
      <meta>
        <cve>"science"</cve>
        <name cweid=""></name>
      </meta>
      <fragment>
      </fragment>
      <explanation>
      </explanation>
    </location>
  </file>
  <file id="43" path="WSDL/9c2d24d43bd6eed58807438c0931aced">
    <meta>
      <type>HTML document, ASCII text, with no line terminators</type>
      <length lines="0" words="14" bytes="295" />
    </meta>
    <location line="" fraglines="">
      <meta>
        <cve>"science"</cve>
        <name cweid=""></name>
      </meta>
      <fragment>
      </fragment>
      <explanation>
      </explanation>
    </location>
  </file>
  <file id="44" path="WSDL/a29eb48089832f50245eefed7f5dc48b">
    <meta>
      <type>HTML document, ISO-8859 text, with very long lines</type>
      <length lines="332" words="2212" bytes="29051" />
    </meta>
    <location line="" fraglines="">
      <meta>
        <cve>"other"</cve>
        <name cweid=""></name>
      </meta>
      <fragment>
      </fragment>
      <explanation>
      </explanation>
    </location>
  </file>
  <file id="45" path="WSDL/14f1779544249ae715ea958005747f4f">
    <meta>
      <type>HTML document, ASCII text</type>
      <length lines="145" words="642" bytes="7125" />
    </meta>
    <location line="" fraglines="">
      <meta>
        <cve>"other"</cve>
        <name cweid=""></name>
      </meta>
      <fragment>
      </fragment>
      <explanation>
      </explanation>
    </location>
  </file>
  <file id="46" path="WSDL/9c0908348bf6cfbdf06d58be819b7529">
    <meta>
      <type>XML document text</type>
      <length lines="309" words="852" bytes="14700" />
    </meta>
    <location line="" fraglines="">
      <meta>
        <cve>"science"</cve>
        <name cweid=""></name>
      </meta>
      <fragment>
      </fragment>
      <explanation>
      </explanation>
    </location>
  </file>
</dataset>
